Year,MonthTxt,MonthNum,PeriodTxt,PeriodNum,Value
1950,DJF,1,1950-DJF,1950-01,-1.4
1950,JFM,2,1950-JFM,1950-02,-1.2
1950,FMA,3,1950-FMA,1950-03,-1.1
1950,MAM,4,1950-MAM,1950-04,-1.2
1950,AMJ,5,1950-AMJ,1950-05,-1.1
1950,MJJ,6,1950-MJJ,1950-06,-0.9
1950,JJA,7,1950-JJA,1950-07,-0.6
1950,JAS,8,1950-JAS,1950-08,-0.6
1950,ASO,9,1950-ASO,1950-09,-0.5
1950,SON,10,1950-SON,1950-10,-0.6
1950,OND,11,1950-OND,1950-11,-0.7
1950,NDJ,12,1950-NDJ,1950-12,-0.8
1951,DJF,1,1951-DJF,1951-01,-0.8
1951,JFM,2,1951-JFM,1951-02,-0.6
1951,FMA,3,1951-FMA,1951-03,-0.2
1951,MAM,4,1951-MAM,1951-04,0.2
1951,AMJ,5,1951-AMJ,1951-05,0.2
1951,MJJ,6,1951-MJJ,1951-06,0.4
1951,JJA,7,1951-JJA,1951-07,0.5
1951,JAS,8,1951-JAS,1951-08,0.7
1951,ASO,9,1951-ASO,1951-09,0.8
1951,SON,10,1951-SON,1951-10,0.9
1951,OND,11,1951-OND,1951-11,0.7
1951,NDJ,12,1951-NDJ,1951-12,0.6
1952,DJF,1,1952-DJF,1952-01,0.5
1952,JFM,2,1952-JFM,1952-02,0.4
1952,FMA,3,1952-FMA,1952-03,0.4
1952,MAM,4,1952-MAM,1952-04,0.4
1952,AMJ,5,1952-AMJ,1952-05,0.4
1952,MJJ,6,1952-MJJ,1952-06,0.2
1952,JJA,7,1952-JJA,1952-07,0
1952,JAS,8,1952-JAS,1952-08,0.1
1952,ASO,9,1952-ASO,1952-09,0.2
1952,SON,10,1952-SON,1952-10,0.2
1952,OND,11,1952-OND,1952-11,0.2
1952,NDJ,12,1952-NDJ,1952-12,0.3
1953,DJF,1,1953-DJF,1953-01,0.5
1953,JFM,2,1953-JFM,1953-02,0.6
1953,FMA,3,1953-FMA,1953-03,0.7
1953,MAM,4,1953-MAM,1953-04,0.7
1953,AMJ,5,1953-AMJ,1953-05,0.7
1953,MJJ,6,1953-MJJ,1953-06,0.7
1953,JJA,7,1953-JJA,1953-07,0.7
1953,JAS,8,1953-JAS,1953-08,0.7
1953,ASO,9,1953-ASO,1953-09,0.8
1953,SON,10,1953-SON,1953-10,0.8
1953,OND,11,1953-OND,1953-11,0.8
1953,NDJ,12,1953-NDJ,1953-12,0.7
1954,DJF,1,1954-DJF,1954-01,0.7
1954,JFM,2,1954-JFM,1954-02,0.4
1954,FMA,3,1954-FMA,1954-03,0
1954,MAM,4,1954-MAM,1954-04,-0.4
1954,AMJ,5,1954-AMJ,1954-05,-0.5
1954,MJJ,6,1954-MJJ,1954-06,-0.5
1954,JJA,7,1954-JJA,1954-07,-0.5
1954,JAS,8,1954-JAS,1954-08,-0.7
1954,ASO,9,1954-ASO,1954-09,-0.7
1954,SON,10,1954-SON,1954-10,-0.6
1954,OND,11,1954-OND,1954-11,-0.5
1954,NDJ,12,1954-NDJ,1954-12,-0.5
1955,DJF,1,1955-DJF,1955-01,-0.6
1955,JFM,2,1955-JFM,1955-02,-0.6
1955,FMA,3,1955-FMA,1955-03,-0.7
1955,MAM,4,1955-MAM,1955-04,-0.7
1955,AMJ,5,1955-AMJ,1955-05,-0.7
1955,MJJ,6,1955-MJJ,1955-06,-0.6
1955,JJA,7,1955-JJA,1955-07,-0.6
1955,JAS,8,1955-JAS,1955-08,-0.6
1955,ASO,9,1955-ASO,1955-09,-1
1955,SON,10,1955-SON,1955-10,-1.4
1955,OND,11,1955-OND,1955-11,-1.6
1955,NDJ,12,1955-NDJ,1955-12,-1.4
1956,DJF,1,1956-DJF,1956-01,-0.9
1956,JFM,2,1956-JFM,1956-02,-0.6
1956,FMA,3,1956-FMA,1956-03,-0.6
1956,MAM,4,1956-MAM,1956-04,-0.5
1956,AMJ,5,1956-AMJ,1956-05,-0.5
1956,MJJ,6,1956-MJJ,1956-06,-0.4
1956,JJA,7,1956-JJA,1956-07,-0.5
1956,JAS,8,1956-JAS,1956-08,-0.5
1956,ASO,9,1956-ASO,1956-09,-0.4
1956,SON,10,1956-SON,1956-10,-0.4
1956,OND,11,1956-OND,1956-11,-0.5
1956,NDJ,12,1956-NDJ,1956-12,-0.4
1957,DJF,1,1957-DJF,1957-01,-0.3
1957,JFM,2,1957-JFM,1957-02,0
1957,FMA,3,1957-FMA,1957-03,0.3
1957,MAM,4,1957-MAM,1957-04,0.6
1957,AMJ,5,1957-AMJ,1957-05,0.7
1957,MJJ,6,1957-MJJ,1957-06,0.9
1957,JJA,7,1957-JJA,1957-07,1
1957,JAS,8,1957-JAS,1957-08,1.2
1957,ASO,9,1957-ASO,1957-09,1.1
1957,SON,10,1957-SON,1957-10,1.2
1957,OND,11,1957-OND,1957-11,1.3
1957,NDJ,12,1957-NDJ,1957-12,1.6
1958,DJF,1,1958-DJF,1958-01,1.7
1958,JFM,2,1958-JFM,1958-02,1.5
1958,FMA,3,1958-FMA,1958-03,1.2
1958,MAM,4,1958-MAM,1958-04,0.8
1958,AMJ,5,1958-AMJ,1958-05,0.7
1958,MJJ,6,1958-MJJ,1958-06,0.6
1958,JJA,7,1958-JJA,1958-07,0.5
1958,JAS,8,1958-JAS,1958-08,0.4
1958,ASO,9,1958-ASO,1958-09,0.4
1958,SON,10,1958-SON,1958-10,0.5
1958,OND,11,1958-OND,1958-11,0.6
1958,NDJ,12,1958-NDJ,1958-12,0.6
1959,DJF,1,1959-DJF,1959-01,0.6
1959,JFM,2,1959-JFM,1959-02,0.5
1959,FMA,3,1959-FMA,1959-03,0.4
1959,MAM,4,1959-MAM,1959-04,0.2
1959,AMJ,5,1959-AMJ,1959-05,0.1
1959,MJJ,6,1959-MJJ,1959-06,-0.2
1959,JJA,7,1959-JJA,1959-07,-0.3
1959,JAS,8,1959-JAS,1959-08,-0.3
1959,ASO,9,1959-ASO,1959-09,-0.1
1959,SON,10,1959-SON,1959-10,-0.1
1959,OND,11,1959-OND,1959-11,-0.1
1959,NDJ,12,1959-NDJ,1959-12,-0.1
1960,DJF,1,1960-DJF,1960-01,-0.1
1960,JFM,2,1960-JFM,1960-02,-0.2
1960,FMA,3,1960-FMA,1960-03,-0.1
1960,MAM,4,1960-MAM,1960-04,0
1960,AMJ,5,1960-AMJ,1960-05,-0.1
1960,MJJ,6,1960-MJJ,1960-06,-0.2
1960,JJA,7,1960-JJA,1960-07,0
1960,JAS,8,1960-JAS,1960-08,0.1
1960,ASO,9,1960-ASO,1960-09,0.2
1960,SON,10,1960-SON,1960-10,0.1
1960,OND,11,1960-OND,1960-11,0
1960,NDJ,12,1960-NDJ,1960-12,0
1961,DJF,1,1961-DJF,1961-01,0
1961,JFM,2,1961-JFM,1961-02,0
1961,FMA,3,1961-FMA,1961-03,-0.1
1961,MAM,4,1961-MAM,1961-04,0
1961,AMJ,5,1961-AMJ,1961-05,0.1
1961,MJJ,6,1961-MJJ,1961-06,0.2
1961,JJA,7,1961-JJA,1961-07,0.1
1961,JAS,8,1961-JAS,1961-08,-0.1
1961,ASO,9,1961-ASO,1961-09,-0.3
1961,SON,10,1961-SON,1961-10,-0.3
1961,OND,11,1961-OND,1961-11,-0.2
1961,NDJ,12,1961-NDJ,1961-12,-0.2
1962,DJF,1,1962-DJF,1962-01,-0.2
1962,JFM,2,1962-JFM,1962-02,-0.2
1962,FMA,3,1962-FMA,1962-03,-0.2
1962,MAM,4,1962-MAM,1962-04,-0.3
1962,AMJ,5,1962-AMJ,1962-05,-0.3
1962,MJJ,6,1962-MJJ,1962-06,-0.2
1962,JJA,7,1962-JJA,1962-07,-0.1
1962,JAS,8,1962-JAS,1962-08,-0.2
1962,ASO,9,1962-ASO,1962-09,-0.2
1962,SON,10,1962-SON,1962-10,-0.3
1962,OND,11,1962-OND,1962-11,-0.3
1962,NDJ,12,1962-NDJ,1962-12,-0.4
1963,DJF,1,1963-DJF,1963-01,-0.4
1963,JFM,2,1963-JFM,1963-02,-0.2
1963,FMA,3,1963-FMA,1963-03,0.1
1963,MAM,4,1963-MAM,1963-04,0.2
1963,AMJ,5,1963-AMJ,1963-05,0.2
1963,MJJ,6,1963-MJJ,1963-06,0.4
1963,JJA,7,1963-JJA,1963-07,0.7
1963,JAS,8,1963-JAS,1963-08,1
1963,ASO,9,1963-ASO,1963-09,1.1
1963,SON,10,1963-SON,1963-10,1.2
1963,OND,11,1963-OND,1963-11,1.2
1963,NDJ,12,1963-NDJ,1963-12,1.1
1964,DJF,1,1964-DJF,1964-01,1
1964,JFM,2,1964-JFM,1964-02,0.6
1964,FMA,3,1964-FMA,1964-03,0.1
1964,MAM,4,1964-MAM,1964-04,-0.3
1964,AMJ,5,1964-AMJ,1964-05,-0.6
1964,MJJ,6,1964-MJJ,1964-06,-0.6
1964,JJA,7,1964-JJA,1964-07,-0.7
1964,JAS,8,1964-JAS,1964-08,-0.7
1964,ASO,9,1964-ASO,1964-09,-0.8
1964,SON,10,1964-SON,1964-10,-0.8
1964,OND,11,1964-OND,1964-11,-0.8
1964,NDJ,12,1964-NDJ,1964-12,-0.8
1965,DJF,1,1965-DJF,1965-01,-0.5
1965,JFM,2,1965-JFM,1965-02,-0.3
1965,FMA,3,1965-FMA,1965-03,-0.1
1965,MAM,4,1965-MAM,1965-04,0.1
1965,AMJ,5,1965-AMJ,1965-05,0.4
1965,MJJ,6,1965-MJJ,1965-06,0.7
1965,JJA,7,1965-JJA,1965-07,1
1965,JAS,8,1965-JAS,1965-08,1.3
1965,ASO,9,1965-ASO,1965-09,1.6
1965,SON,10,1965-SON,1965-10,1.7
1965,OND,11,1965-OND,1965-11,1.8
1965,NDJ,12,1965-NDJ,1965-12,1.5
1966,DJF,1,1966-DJF,1966-01,1.3
1966,JFM,2,1966-JFM,1966-02,1
1966,FMA,3,1966-FMA,1966-03,0.9
1966,MAM,4,1966-MAM,1966-04,0.6
1966,AMJ,5,1966-AMJ,1966-05,0.3
1966,MJJ,6,1966-MJJ,1966-06,0.2
1966,JJA,7,1966-JJA,1966-07,0.2
1966,JAS,8,1966-JAS,1966-08,0.1
1966,ASO,9,1966-ASO,1966-09,0
1966,SON,10,1966-SON,1966-10,-0.1
1966,OND,11,1966-OND,1966-11,-0.1
1966,NDJ,12,1966-NDJ,1966-12,-0.3
1967,DJF,1,1967-DJF,1967-01,-0.4
1967,JFM,2,1967-JFM,1967-02,-0.5
1967,FMA,3,1967-FMA,1967-03,-0.5
1967,MAM,4,1967-MAM,1967-04,-0.5
1967,AMJ,5,1967-AMJ,1967-05,-0.2
1967,MJJ,6,1967-MJJ,1967-06,0
1967,JJA,7,1967-JJA,1967-07,0
1967,JAS,8,1967-JAS,1967-08,-0.2
1967,ASO,9,1967-ASO,1967-09,-0.3
1967,SON,10,1967-SON,1967-10,-0.4
1967,OND,11,1967-OND,1967-11,-0.4
1967,NDJ,12,1967-NDJ,1967-12,-0.5
1968,DJF,1,1968-DJF,1968-01,-0.7
1968,JFM,2,1968-JFM,1968-02,-0.8
1968,FMA,3,1968-FMA,1968-03,-0.7
1968,MAM,4,1968-MAM,1968-04,-0.5
1968,AMJ,5,1968-AMJ,1968-05,-0.1
1968,MJJ,6,1968-MJJ,1968-06,0.2
1968,JJA,7,1968-JJA,1968-07,0.5
1968,JAS,8,1968-JAS,1968-08,0.4
1968,ASO,9,1968-ASO,1968-09,0.3
1968,SON,10,1968-SON,1968-10,0.4
1968,OND,11,1968-OND,1968-11,0.6
1968,NDJ,12,1968-NDJ,1968-12,0.8
1969,DJF,1,1969-DJF,1969-01,0.9
1969,JFM,2,1969-JFM,1969-02,1
1969,FMA,3,1969-FMA,1969-03,0.9
1969,MAM,4,1969-MAM,1969-04,0.7
1969,AMJ,5,1969-AMJ,1969-05,0.6
1969,MJJ,6,1969-MJJ,1969-06,0.5
1969,JJA,7,1969-JJA,1969-07,0.4
1969,JAS,8,1969-JAS,1969-08,0.5
1969,ASO,9,1969-ASO,1969-09,0.8
1969,SON,10,1969-SON,1969-10,0.8
1969,OND,11,1969-OND,1969-11,0.8
1969,NDJ,12,1969-NDJ,1969-12,0.7
1970,DJF,1,1970-DJF,1970-01,0.6
1970,JFM,2,1970-JFM,1970-02,0.4
1970,FMA,3,1970-FMA,1970-03,0.4
1970,MAM,4,1970-MAM,1970-04,0.3
1970,AMJ,5,1970-AMJ,1970-05,0.1
1970,MJJ,6,1970-MJJ,1970-06,-0.3
1970,JJA,7,1970-JJA,1970-07,-0.6
1970,JAS,8,1970-JAS,1970-08,-0.8
1970,ASO,9,1970-ASO,1970-09,-0.8
1970,SON,10,1970-SON,1970-10,-0.8
1970,OND,11,1970-OND,1970-11,-0.9
1970,NDJ,12,1970-NDJ,1970-12,-1.2
1971,DJF,1,1971-DJF,1971-01,-1.3
1971,JFM,2,1971-JFM,1971-02,-1.3
1971,FMA,3,1971-FMA,1971-03,-1.1
1971,MAM,4,1971-MAM,1971-04,-0.9
1971,AMJ,5,1971-AMJ,1971-05,-0.8
1971,MJJ,6,1971-MJJ,1971-06,-0.7
1971,JJA,7,1971-JJA,1971-07,-0.8
1971,JAS,8,1971-JAS,1971-08,-0.7
1971,ASO,9,1971-ASO,1971-09,-0.8
1971,SON,10,1971-SON,1971-10,-0.8
1971,OND,11,1971-OND,1971-11,-0.9
1971,NDJ,12,1971-NDJ,1971-12,-0.8
1972,DJF,1,1972-DJF,1972-01,-0.7
1972,JFM,2,1972-JFM,1972-02,-0.4
1972,FMA,3,1972-FMA,1972-03,0
1972,MAM,4,1972-MAM,1972-04,0.3
1972,AMJ,5,1972-AMJ,1972-05,0.6
1972,MJJ,6,1972-MJJ,1972-06,0.8
1972,JJA,7,1972-JJA,1972-07,1.1
1972,JAS,8,1972-JAS,1972-08,1.3
1972,ASO,9,1972-ASO,1972-09,1.5
1972,SON,10,1972-SON,1972-10,1.8
1972,OND,11,1972-OND,1972-11,2
1972,NDJ,12,1972-NDJ,1972-12,1.9
1973,DJF,1,1973-DJF,1973-01,1.7
1973,JFM,2,1973-JFM,1973-02,1.2
1973,FMA,3,1973-FMA,1973-03,0.6
1973,MAM,4,1973-MAM,1973-04,0
1973,AMJ,5,1973-AMJ,1973-05,-0.4
1973,MJJ,6,1973-MJJ,1973-06,-0.8
1973,JJA,7,1973-JJA,1973-07,-1
1973,JAS,8,1973-JAS,1973-08,-1.2
1973,ASO,9,1973-ASO,1973-09,-1.4
1973,SON,10,1973-SON,1973-10,-1.7
1973,OND,11,1973-OND,1973-11,-1.9
1973,NDJ,12,1973-NDJ,1973-12,-1.9
1974,DJF,1,1974-DJF,1974-01,-1.7
1974,JFM,2,1974-JFM,1974-02,-1.5
1974,FMA,3,1974-FMA,1974-03,-1.2
1974,MAM,4,1974-MAM,1974-04,-1
1974,AMJ,5,1974-AMJ,1974-05,-0.9
1974,MJJ,6,1974-MJJ,1974-06,-0.8
1974,JJA,7,1974-JJA,1974-07,-0.6
1974,JAS,8,1974-JAS,1974-08,-0.4
1974,ASO,9,1974-ASO,1974-09,-0.4
1974,SON,10,1974-SON,1974-10,-0.6
1974,OND,11,1974-OND,1974-11,-0.7
1974,NDJ,12,1974-NDJ,1974-12,-0.6
1975,DJF,1,1975-DJF,1975-01,-0.5
1975,JFM,2,1975-JFM,1975-02,-0.5
1975,FMA,3,1975-FMA,1975-03,-0.6
1975,MAM,4,1975-MAM,1975-04,-0.6
1975,AMJ,5,1975-AMJ,1975-05,-0.7
1975,MJJ,6,1975-MJJ,1975-06,-0.8
1975,JJA,7,1975-JJA,1975-07,-1
1975,JAS,8,1975-JAS,1975-08,-1.1
1975,ASO,9,1975-ASO,1975-09,-1.3
1975,SON,10,1975-SON,1975-10,-1.4
1975,OND,11,1975-OND,1975-11,-1.5
1975,NDJ,12,1975-NDJ,1975-12,-1.6
1976,DJF,1,1976-DJF,1976-01,-1.5
1976,JFM,2,1976-JFM,1976-02,-1.1
1976,FMA,3,1976-FMA,1976-03,-0.7
1976,MAM,4,1976-MAM,1976-04,-0.4
1976,AMJ,5,1976-AMJ,1976-05,-0.3
1976,MJJ,6,1976-MJJ,1976-06,-0.1
1976,JJA,7,1976-JJA,1976-07,0.1
1976,JAS,8,1976-JAS,1976-08,0.3
1976,ASO,9,1976-ASO,1976-09,0.5
1976,SON,10,1976-SON,1976-10,0.7
1976,OND,11,1976-OND,1976-11,0.8
1976,NDJ,12,1976-NDJ,1976-12,0.8
1977,DJF,1,1977-DJF,1977-01,0.7
1977,JFM,2,1977-JFM,1977-02,0.6
1977,FMA,3,1977-FMA,1977-03,0.4
1977,MAM,4,1977-MAM,1977-04,0.3
1977,AMJ,5,1977-AMJ,1977-05,0.3
1977,MJJ,6,1977-MJJ,1977-06,0.4
1977,JJA,7,1977-JJA,1977-07,0.4
1977,JAS,8,1977-JAS,1977-08,0.4
1977,ASO,9,1977-ASO,1977-09,0.5
1977,SON,10,1977-SON,1977-10,0.6
1977,OND,11,1977-OND,1977-11,0.8
1977,NDJ,12,1977-NDJ,1977-12,0.8
1978,DJF,1,1978-DJF,1978-01,0.7
1978,JFM,2,1978-JFM,1978-02,0.4
1978,FMA,3,1978-FMA,1978-03,0.1
1978,MAM,4,1978-MAM,1978-04,-0.2
1978,AMJ,5,1978-AMJ,1978-05,-0.3
1978,MJJ,6,1978-MJJ,1978-06,-0.3
1978,JJA,7,1978-JJA,1978-07,-0.4
1978,JAS,8,1978-JAS,1978-08,-0.4
1978,ASO,9,1978-ASO,1978-09,-0.4
1978,SON,10,1978-SON,1978-10,-0.3
1978,OND,11,1978-OND,1978-11,-0.1
1978,NDJ,12,1978-NDJ,1978-12,0
1979,DJF,1,1979-DJF,1979-01,0
1979,JFM,2,1979-JFM,1979-02,0.1
1979,FMA,3,1979-FMA,1979-03,0.2
1979,MAM,4,1979-MAM,1979-04,0.3
1979,AMJ,5,1979-AMJ,1979-05,0.3
1979,MJJ,6,1979-MJJ,1979-06,0.1
1979,JJA,7,1979-JJA,1979-07,0.1
1979,JAS,8,1979-JAS,1979-08,0.2
1979,ASO,9,1979-ASO,1979-09,0.3
1979,SON,10,1979-SON,1979-10,0.5
1979,OND,11,1979-OND,1979-11,0.5
1979,NDJ,12,1979-NDJ,1979-12,0.6
1980,DJF,1,1980-DJF,1980-01,0.6
1980,JFM,2,1980-JFM,1980-02,0.5
1980,FMA,3,1980-FMA,1980-03,0.3
1980,MAM,4,1980-MAM,1980-04,0.4
1980,AMJ,5,1980-AMJ,1980-05,0.5
1980,MJJ,6,1980-MJJ,1980-06,0.5
1980,JJA,7,1980-JJA,1980-07,0.3
1980,JAS,8,1980-JAS,1980-08,0.2
1980,ASO,9,1980-ASO,1980-09,0
1980,SON,10,1980-SON,1980-10,0.1
1980,OND,11,1980-OND,1980-11,0.1
1980,NDJ,12,1980-NDJ,1980-12,0
1981,DJF,1,1981-DJF,1981-01,-0.2
1981,JFM,2,1981-JFM,1981-02,-0.4
1981,FMA,3,1981-FMA,1981-03,-0.4
1981,MAM,4,1981-MAM,1981-04,-0.3
1981,AMJ,5,1981-AMJ,1981-05,-0.2
1981,MJJ,6,1981-MJJ,1981-06,-0.3
1981,JJA,7,1981-JJA,1981-07,-0.3
1981,JAS,8,1981-JAS,1981-08,-0.3
1981,ASO,9,1981-ASO,1981-09,-0.2
1981,SON,10,1981-SON,1981-10,-0.1
1981,OND,11,1981-OND,1981-11,-0.1
1981,NDJ,12,1981-NDJ,1981-12,0
1982,DJF,1,1982-DJF,1982-01,0
1982,JFM,2,1982-JFM,1982-02,0.1
1982,FMA,3,1982-FMA,1982-03,0.2
1982,MAM,4,1982-MAM,1982-04,0.5
1982,AMJ,5,1982-AMJ,1982-05,0.6
1982,MJJ,6,1982-MJJ,1982-06,0.7
1982,JJA,7,1982-JJA,1982-07,0.8
1982,JAS,8,1982-JAS,1982-08,1
1982,ASO,9,1982-ASO,1982-09,1.5
1982,SON,10,1982-SON,1982-10,1.9
1982,OND,11,1982-OND,1982-11,2.1
1982,NDJ,12,1982-NDJ,1982-12,2.1
1983,DJF,1,1983-DJF,1983-01,2.1
1983,JFM,2,1983-JFM,1983-02,1.8
1983,FMA,3,1983-FMA,1983-03,1.5
1983,MAM,4,1983-MAM,1983-04,1.2
1983,AMJ,5,1983-AMJ,1983-05,1
1983,MJJ,6,1983-MJJ,1983-06,0.7
1983,JJA,7,1983-JJA,1983-07,0.3
1983,JAS,8,1983-JAS,1983-08,0
1983,ASO,9,1983-ASO,1983-09,-0.3
1983,SON,10,1983-SON,1983-10,-0.6
1983,OND,11,1983-OND,1983-11,-0.8
1983,NDJ,12,1983-NDJ,1983-12,-0.8
1984,DJF,1,1984-DJF,1984-01,-0.5
1984,JFM,2,1984-JFM,1984-02,-0.3
1984,FMA,3,1984-FMA,1984-03,-0.3
1984,MAM,4,1984-MAM,1984-04,-0.4
1984,AMJ,5,1984-AMJ,1984-05,-0.4
1984,MJJ,6,1984-MJJ,1984-06,-0.4
1984,JJA,7,1984-JJA,1984-07,-0.3
1984,JAS,8,1984-JAS,1984-08,-0.2
1984,ASO,9,1984-ASO,1984-09,-0.3
1984,SON,10,1984-SON,1984-10,-0.6
1984,OND,11,1984-OND,1984-11,-0.9
1984,NDJ,12,1984-NDJ,1984-12,-1.1
1985,DJF,1,1985-DJF,1985-01,-0.9
1985,JFM,2,1985-JFM,1985-02,-0.7
1985,FMA,3,1985-FMA,1985-03,-0.7
1985,MAM,4,1985-MAM,1985-04,-0.7
1985,AMJ,5,1985-AMJ,1985-05,-0.7
1985,MJJ,6,1985-MJJ,1985-06,-0.6
1985,JJA,7,1985-JJA,1985-07,-0.4
1985,JAS,8,1985-JAS,1985-08,-0.4
1985,ASO,9,1985-ASO,1985-09,-0.4
1985,SON,10,1985-SON,1985-10,-0.3
1985,OND,11,1985-OND,1985-11,-0.2
1985,NDJ,12,1985-NDJ,1985-12,-0.3
1986,DJF,1,1986-DJF,1986-01,-0.4
1986,JFM,2,1986-JFM,1986-02,-0.4
1986,FMA,3,1986-FMA,1986-03,-0.3
1986,MAM,4,1986-MAM,1986-04,-0.2
1986,AMJ,5,1986-AMJ,1986-05,-0.1
1986,MJJ,6,1986-MJJ,1986-06,0
1986,JJA,7,1986-JJA,1986-07,0.2
1986,JAS,8,1986-JAS,1986-08,0.4
1986,ASO,9,1986-ASO,1986-09,0.7
1986,SON,10,1986-SON,1986-10,0.9
1986,OND,11,1986-OND,1986-11,1
1986,NDJ,12,1986-NDJ,1986-12,1.1
1987,DJF,1,1987-DJF,1987-01,1.1
1987,JFM,2,1987-JFM,1987-02,1.2
1987,FMA,3,1987-FMA,1987-03,1.1
1987,MAM,4,1987-MAM,1987-04,1
1987,AMJ,5,1987-AMJ,1987-05,0.9
1987,MJJ,6,1987-MJJ,1987-06,1.1
1987,JJA,7,1987-JJA,1987-07,1.4
1987,JAS,8,1987-JAS,1987-08,1.6
1987,ASO,9,1987-ASO,1987-09,1.6
1987,SON,10,1987-SON,1987-10,1.4
1987,OND,11,1987-OND,1987-11,1.2
1987,NDJ,12,1987-NDJ,1987-12,1.1
1988,DJF,1,1988-DJF,1988-01,0.8
1988,JFM,2,1988-JFM,1988-02,0.5
1988,FMA,3,1988-FMA,1988-03,0.1
1988,MAM,4,1988-MAM,1988-04,-0.3
1988,AMJ,5,1988-AMJ,1988-05,-0.8
1988,MJJ,6,1988-MJJ,1988-06,-1.2
1988,JJA,7,1988-JJA,1988-07,-1.2
1988,JAS,8,1988-JAS,1988-08,-1.1
1988,ASO,9,1988-ASO,1988-09,-1.2
1988,SON,10,1988-SON,1988-10,-1.4
1988,OND,11,1988-OND,1988-11,-1.7
1988,NDJ,12,1988-NDJ,1988-12,-1.8
1989,DJF,1,1989-DJF,1989-01,-1.6
1989,JFM,2,1989-JFM,1989-02,-1.4
1989,FMA,3,1989-FMA,1989-03,-1.1
1989,MAM,4,1989-MAM,1989-04,-0.9
1989,AMJ,5,1989-AMJ,1989-05,-0.6
1989,MJJ,6,1989-MJJ,1989-06,-0.4
1989,JJA,7,1989-JJA,1989-07,-0.3
1989,JAS,8,1989-JAS,1989-08,-0.3
1989,ASO,9,1989-ASO,1989-09,-0.3
1989,SON,10,1989-SON,1989-10,-0.3
1989,OND,11,1989-OND,1989-11,-0.2
1989,NDJ,12,1989-NDJ,1989-12,-0.1
1990,DJF,1,1990-DJF,1990-01,0.1
1990,JFM,2,1990-JFM,1990-02,0.2
1990,FMA,3,1990-FMA,1990-03,0.2
1990,MAM,4,1990-MAM,1990-04,0.2
1990,AMJ,5,1990-AMJ,1990-05,0.2
1990,MJJ,6,1990-MJJ,1990-06,0.3
1990,JJA,7,1990-JJA,1990-07,0.3
1990,JAS,8,1990-JAS,1990-08,0.3
1990,ASO,9,1990-ASO,1990-09,0.4
1990,SON,10,1990-SON,1990-10,0.3
1990,OND,11,1990-OND,1990-11,0.4
1990,NDJ,12,1990-NDJ,1990-12,0.4
1991,DJF,1,1991-DJF,1991-01,0.4
1991,JFM,2,1991-JFM,1991-02,0.3
1991,FMA,3,1991-FMA,1991-03,0.2
1991,MAM,4,1991-MAM,1991-04,0.2
1991,AMJ,5,1991-AMJ,1991-05,0.4
1991,MJJ,6,1991-MJJ,1991-06,0.6
1991,JJA,7,1991-JJA,1991-07,0.7
1991,JAS,8,1991-JAS,1991-08,0.7
1991,ASO,9,1991-ASO,1991-09,0.7
1991,SON,10,1991-SON,1991-10,0.8
1991,OND,11,1991-OND,1991-11,1.2
1991,NDJ,12,1991-NDJ,1991-12,1.4
1992,DJF,1,1992-DJF,1992-01,1.6
1992,JFM,2,1992-JFM,1992-02,1.5
1992,FMA,3,1992-FMA,1992-03,1.4
1992,MAM,4,1992-MAM,1992-04,1.2
1992,AMJ,5,1992-AMJ,1992-05,1
1992,MJJ,6,1992-MJJ,1992-06,0.8
1992,JJA,7,1992-JJA,1992-07,0.5
1992,JAS,8,1992-JAS,1992-08,0.2
1992,ASO,9,1992-ASO,1992-09,0
1992,SON,10,1992-SON,1992-10,-0.1
1992,OND,11,1992-OND,1992-11,-0.1
1992,NDJ,12,1992-NDJ,1992-12,0
1993,DJF,1,1993-DJF,1993-01,0.2
1993,JFM,2,1993-JFM,1993-02,0.3
1993,FMA,3,1993-FMA,1993-03,0.5
1993,MAM,4,1993-MAM,1993-04,0.7
1993,AMJ,5,1993-AMJ,1993-05,0.8
1993,MJJ,6,1993-MJJ,1993-06,0.6
1993,JJA,7,1993-JJA,1993-07,0.3
1993,JAS,8,1993-JAS,1993-08,0.2
1993,ASO,9,1993-ASO,1993-09,0.2
1993,SON,10,1993-SON,1993-10,0.2
1993,OND,11,1993-OND,1993-11,0.1
1993,NDJ,12,1993-NDJ,1993-12,0.1
1994,DJF,1,1994-DJF,1994-01,0.1
1994,JFM,2,1994-JFM,1994-02,0.1
1994,FMA,3,1994-FMA,1994-03,0.2
1994,MAM,4,1994-MAM,1994-04,0.3
1994,AMJ,5,1994-AMJ,1994-05,0.4
1994,MJJ,6,1994-MJJ,1994-06,0.4
1994,JJA,7,1994-JJA,1994-07,0.4
1994,JAS,8,1994-JAS,1994-08,0.4
1994,ASO,9,1994-ASO,1994-09,0.4
1994,SON,10,1994-SON,1994-10,0.6
1994,OND,11,1994-OND,1994-11,0.9
1994,NDJ,12,1994-NDJ,1994-12,1
1995,DJF,1,1995-DJF,1995-01,0.9
1995,JFM,2,1995-JFM,1995-02,0.7
1995,FMA,3,1995-FMA,1995-03,0.5
1995,MAM,4,1995-MAM,1995-04,0.3
1995,AMJ,5,1995-AMJ,1995-05,0.2
1995,MJJ,6,1995-MJJ,1995-06,0
1995,JJA,7,1995-JJA,1995-07,-0.2
1995,JAS,8,1995-JAS,1995-08,-0.5
1995,ASO,9,1995-ASO,1995-09,-0.7
1995,SON,10,1995-SON,1995-10,-0.9
1995,OND,11,1995-OND,1995-11,-1
1995,NDJ,12,1995-NDJ,1995-12,-0.9
1996,DJF,1,1996-DJF,1996-01,-0.9
1996,JFM,2,1996-JFM,1996-02,-0.7
1996,FMA,3,1996-FMA,1996-03,-0.6
1996,MAM,4,1996-MAM,1996-04,-0.4
1996,AMJ,5,1996-AMJ,1996-05,-0.2
1996,MJJ,6,1996-MJJ,1996-06,-0.2
1996,JJA,7,1996-JJA,1996-07,-0.2
1996,JAS,8,1996-JAS,1996-08,-0.3
1996,ASO,9,1996-ASO,1996-09,-0.3
1996,SON,10,1996-SON,1996-10,-0.4
1996,OND,11,1996-OND,1996-11,-0.4
1996,NDJ,12,1996-NDJ,1996-12,-0.5
1997,DJF,1,1997-DJF,1997-01,-0.5
1997,JFM,2,1997-JFM,1997-02,-0.4
1997,FMA,3,1997-FMA,1997-03,-0.2
1997,MAM,4,1997-MAM,1997-04,0.1
1997,AMJ,5,1997-AMJ,1997-05,0.6
1997,MJJ,6,1997-MJJ,1997-06,1
1997,JJA,7,1997-JJA,1997-07,1.4
1997,JAS,8,1997-JAS,1997-08,1.7
1997,ASO,9,1997-ASO,1997-09,2
1997,SON,10,1997-SON,1997-10,2.2
1997,OND,11,1997-OND,1997-11,2.3
1997,NDJ,12,1997-NDJ,1997-12,2.3
1998,DJF,1,1998-DJF,1998-01,2.1
1998,JFM,2,1998-JFM,1998-02,1.8
1998,FMA,3,1998-FMA,1998-03,1.4
1998,MAM,4,1998-MAM,1998-04,1
1998,AMJ,5,1998-AMJ,1998-05,0.5
1998,MJJ,6,1998-MJJ,1998-06,-0.1
1998,JJA,7,1998-JJA,1998-07,-0.7
1998,JAS,8,1998-JAS,1998-08,-1
1998,ASO,9,1998-ASO,1998-09,-1.2
1998,SON,10,1998-SON,1998-10,-1.2
1998,OND,11,1998-OND,1998-11,-1.3
1998,NDJ,12,1998-NDJ,1998-12,-1.4
1999,DJF,1,1999-DJF,1999-01,-1.4
1999,JFM,2,1999-JFM,1999-02,-1.2
1999,FMA,3,1999-FMA,1999-03,-1
1999,MAM,4,1999-MAM,1999-04,-0.9
1999,AMJ,5,1999-AMJ,1999-05,-0.9
1999,MJJ,6,1999-MJJ,1999-06,-1
1999,JJA,7,1999-JJA,1999-07,-1
1999,JAS,8,1999-JAS,1999-08,-1
1999,ASO,9,1999-ASO,1999-09,-1.1
1999,SON,10,1999-SON,1999-10,-1.2
1999,OND,11,1999-OND,1999-11,-1.4
1999,NDJ,12,1999-NDJ,1999-12,-1.6
2000,DJF,1,2000-DJF,2000-01,-1.6
2000,JFM,2,2000-JFM,2000-02,-1.4
2000,FMA,3,2000-FMA,2000-03,-1.1
2000,MAM,4,2000-MAM,2000-04,-0.9
2000,AMJ,5,2000-AMJ,2000-05,-0.7
2000,MJJ,6,2000-MJJ,2000-06,-0.7
2000,JJA,7,2000-JJA,2000-07,-0.6
2000,JAS,8,2000-JAS,2000-08,-0.5
2000,ASO,9,2000-ASO,2000-09,-0.6
2000,SON,10,2000-SON,2000-10,-0.7
2000,OND,11,2000-OND,2000-11,-0.8
2000,NDJ,12,2000-NDJ,2000-12,-0.8
2001,DJF,1,2001-DJF,2001-01,-0.7
2001,JFM,2,2001-JFM,2001-02,-0.5
2001,FMA,3,2001-FMA,2001-03,-0.4
2001,MAM,4,2001-MAM,2001-04,-0.3
2001,AMJ,5,2001-AMJ,2001-05,-0.2
2001,MJJ,6,2001-MJJ,2001-06,-0.1
2001,JJA,7,2001-JJA,2001-07,-0.1
2001,JAS,8,2001-JAS,2001-08,-0.1
2001,ASO,9,2001-ASO,2001-09,-0.2
2001,SON,10,2001-SON,2001-10,-0.3
2001,OND,11,2001-OND,2001-11,-0.4
2001,NDJ,12,2001-NDJ,2001-12,-0.3
2002,DJF,1,2002-DJF,2002-01,-0.2
2002,JFM,2,2002-JFM,2002-02,0
2002,FMA,3,2002-FMA,2002-03,0.1
2002,MAM,4,2002-MAM,2002-04,0.2
2002,AMJ,5,2002-AMJ,2002-05,0.4
2002,MJJ,6,2002-MJJ,2002-06,0.6
2002,JJA,7,2002-JJA,2002-07,0.8
2002,JAS,8,2002-JAS,2002-08,0.8
2002,ASO,9,2002-ASO,2002-09,0.9
2002,SON,10,2002-SON,2002-10,1.1
2002,OND,11,2002-OND,2002-11,1.2
2002,NDJ,12,2002-NDJ,2002-12,1.1
2003,DJF,1,2003-DJF,2003-01,0.9
2003,JFM,2,2003-JFM,2003-02,0.7
2003,FMA,3,2003-FMA,2003-03,0.4
2003,MAM,4,2003-MAM,2003-04,0
2003,AMJ,5,2003-AMJ,2003-05,-0.2
2003,MJJ,6,2003-MJJ,2003-06,-0.1
2003,JJA,7,2003-JJA,2003-07,0.1
2003,JAS,8,2003-JAS,2003-08,0.2
2003,ASO,9,2003-ASO,2003-09,0.2
2003,SON,10,2003-SON,2003-10,0.3
2003,OND,11,2003-OND,2003-11,0.3
2003,NDJ,12,2003-NDJ,2003-12,0.3
2004,DJF,1,2004-DJF,2004-01,0.3
2004,JFM,2,2004-JFM,2004-02,0.3
2004,FMA,3,2004-FMA,2004-03,0.2
2004,MAM,4,2004-MAM,2004-04,0.1
2004,AMJ,5,2004-AMJ,2004-05,0.2
2004,MJJ,6,2004-MJJ,2004-06,0.3
2004,JJA,7,2004-JJA,2004-07,0.5
2004,JAS,8,2004-JAS,2004-08,0.6
2004,ASO,9,2004-ASO,2004-09,0.7
2004,SON,10,2004-SON,2004-10,0.7
2004,OND,11,2004-OND,2004-11,0.6
2004,NDJ,12,2004-NDJ,2004-12,0.7
2005,DJF,1,2005-DJF,2005-01,0.7
2005,JFM,2,2005-JFM,2005-02,0.6
2005,FMA,3,2005-FMA,2005-03,0.5
2005,MAM,4,2005-MAM,2005-04,0.5
2005,AMJ,5,2005-AMJ,2005-05,0.3
2005,MJJ,6,2005-MJJ,2005-06,0.2
2005,JJA,7,2005-JJA,2005-07,0
2005,JAS,8,2005-JAS,2005-08,-0.1
2005,ASO,9,2005-ASO,2005-09,0
2005,SON,10,2005-SON,2005-10,-0.2
2005,OND,11,2005-OND,2005-11,-0.5
2005,NDJ,12,2005-NDJ,2005-12,-0.7
2006,DJF,1,2006-DJF,2006-01,-0.7
2006,JFM,2,2006-JFM,2006-02,-0.6
2006,FMA,3,2006-FMA,2006-03,-0.4
2006,MAM,4,2006-MAM,2006-04,-0.2
2006,AMJ,5,2006-AMJ,2006-05,0
2006,MJJ,6,2006-MJJ,2006-06,0
2006,JJA,7,2006-JJA,2006-07,0.1
2006,JAS,8,2006-JAS,2006-08,0.3
2006,ASO,9,2006-ASO,2006-09,0.5
2006,SON,10,2006-SON,2006-10,0.7
2006,OND,11,2006-OND,2006-11,0.9
2006,NDJ,12,2006-NDJ,2006-12,0.9
2007,DJF,1,2007-DJF,2007-01,0.7
2007,JFM,2,2007-JFM,2007-02,0.4
2007,FMA,3,2007-FMA,2007-03,0.1
2007,MAM,4,2007-MAM,2007-04,-0.1
2007,AMJ,5,2007-AMJ,2007-05,-0.2
2007,MJJ,6,2007-MJJ,2007-06,-0.3
2007,JJA,7,2007-JJA,2007-07,-0.4
2007,JAS,8,2007-JAS,2007-08,-0.6
2007,ASO,9,2007-ASO,2007-09,-0.9
2007,SON,10,2007-SON,2007-10,-1.1
2007,OND,11,2007-OND,2007-11,-1.3
2007,NDJ,12,2007-NDJ,2007-12,-1.3
2008,DJF,1,2008-DJF,2008-01,-1.4
2008,JFM,2,2008-JFM,2008-02,-1.3
2008,FMA,3,2008-FMA,2008-03,-1.1
2008,MAM,4,2008-MAM,2008-04,-0.9
2008,AMJ,5,2008-AMJ,2008-05,-0.7
2008,MJJ,6,2008-MJJ,2008-06,-0.5
2008,JJA,7,2008-JJA,2008-07,-0.4
2008,JAS,8,2008-JAS,2008-08,-0.3
2008,ASO,9,2008-ASO,2008-09,-0.3
2008,SON,10,2008-SON,2008-10,-0.4
2008,OND,11,2008-OND,2008-11,-0.6
2008,NDJ,12,2008-NDJ,2008-12,-0.7
2009,DJF,1,2009-DJF,2009-01,-0.7
2009,JFM,2,2009-JFM,2009-02,-0.6
2009,FMA,3,2009-FMA,2009-03,-0.4
2009,MAM,4,2009-MAM,2009-04,-0.1
2009,AMJ,5,2009-AMJ,2009-05,0.2
2009,MJJ,6,2009-MJJ,2009-06,0.4
2009,JJA,7,2009-JJA,2009-07,0.5
2009,JAS,8,2009-JAS,2009-08,0.5
2009,ASO,9,2009-ASO,2009-09,0.6
2009,SON,10,2009-SON,2009-10,0.9
2009,OND,11,2009-OND,2009-11,1.1
2009,NDJ,12,2009-NDJ,2009-12,1.3
2010,DJF,1,2010-DJF,2010-01,1.3
2010,JFM,2,2010-JFM,2010-02,1.2
2010,FMA,3,2010-FMA,2010-03,0.9
2010,MAM,4,2010-MAM,2010-04,0.5
2010,AMJ,5,2010-AMJ,2010-05,0
2010,MJJ,6,2010-MJJ,2010-06,-0.4
2010,JJA,7,2010-JJA,2010-07,-0.9
2010,JAS,8,2010-JAS,2010-08,-1.2
2010,ASO,9,2010-ASO,2010-09,-1.4
2010,SON,10,2010-SON,2010-10,-1.5
2010,OND,11,2010-OND,2010-11,-1.4
2010,NDJ,12,2010-NDJ,2010-12,-1.4
2011,DJF,1,2011-DJF,2011-01,-1.3
2011,JFM,2,2011-JFM,2011-02,-1
2011,FMA,3,2011-FMA,2011-03,-0.7
2011,MAM,4,2011-MAM,2011-04,-0.5
2011,AMJ,5,2011-AMJ,2011-05,-0.4
2011,MJJ,6,2011-MJJ,2011-06,-0.3
2011,JJA,7,2011-JJA,2011-07,-0.3
2011,JAS,8,2011-JAS,2011-08,-0.6
2011,ASO,9,2011-ASO,2011-09,-0.8
2011,SON,10,2011-SON,2011-10,-0.9
2011,OND,11,2011-OND,2011-11,-1
2011,NDJ,12,2011-NDJ,2011-12,-0.9
2012,DJF,1,2012-DJF,2012-01,-0.7
2012,JFM,2,2012-JFM,2012-02,-0.5
2012,FMA,3,2012-FMA,2012-03,-0.4
2012,MAM,4,2012-MAM,2012-04,-0.4
2012,AMJ,5,2012-AMJ,2012-05,-0.3
2012,MJJ,6,2012-MJJ,2012-06,-0.1
2012,JJA,7,2012-JJA,2012-07,0.1
2012,JAS,8,2012-JAS,2012-08,0.3
2012,ASO,9,2012-ASO,2012-09,0.3
2012,SON,10,2012-SON,2012-10,0.3
2012,OND,11,2012-OND,2012-11,0.1
2012,NDJ,12,2012-NDJ,2012-12,-0.2
2013,DJF,1,2013-DJF,2013-01,-0.4
2013,JFM,2,2013-JFM,2013-02,-0.4
2013,FMA,3,2013-FMA,2013-03,-0.3
2013,MAM,4,2013-MAM,2013-04,-0.2
2013,AMJ,5,2013-AMJ,2013-05,-0.2
2013,MJJ,6,2013-MJJ,2013-06,-0.2
2013,JJA,7,2013-JJA,2013-07,-0.3
2013,JAS,8,2013-JAS,2013-08,-0.3
2013,ASO,9,2013-ASO,2013-09,-0.2
2013,SON,10,2013-SON,2013-10,-0.3
2013,OND,11,2013-OND,2013-11,-0.3
2013,NDJ,12,2013-NDJ,2013-12,-0.3
2014,DJF,1,2014-DJF,2014-01,-0.5
2014,JFM,2,2014-JFM,2014-02,-0.5
2014,FMA,3,2014-FMA,2014-03,-0.4
2014,MAM,4,2014-MAM,2014-04,-0.2
2014,AMJ,5,2014-AMJ,2014-05,-0.1
2014,MJJ,6,2014-MJJ,2014-06,0
2014,JJA,7,2014-JJA,2014-07,-0.1
2014,JAS,8,2014-JAS,2014-08,0
2014,ASO,9,2014-ASO,2014-09,0.1
2014,SON,10,2014-SON,2014-10,0.4
2014,OND,11,2014-OND,2014-11,0.5
2014,NDJ,12,2014-NDJ,2014-12,0.6
2015,DJF,1,2015-DJF,2015-01,0.6
2015,JFM,2,2015-JFM,2015-02,0.5
2015,FMA,3,2015-FMA,2015-03,0.6
2015,MAM,4,2015-MAM,2015-04,0.7
2015,AMJ,5,2015-AMJ,2015-05,0.8
2015,MJJ,6,2015-MJJ,2015-06,1
2015,JJA,7,2015-JJA,2015-07,1.2
2015,JAS,8,2015-JAS,2015-08,1.4
2015,ASO,9,2015-ASO,2015-09,1.7
2015,SON,10,2015-SON,2015-10,2
2015,OND,11,2015-OND,2015-11,2.2
2015,NDJ,12,2015-NDJ,2015-12,2.3
2016,DJF,1,2016-DJF,2016-01,2.2
2016,JFM,2,2016-JFM,2016-02,2
2016,FMA,3,2016-FMA,2016-03,1.6
2016,MAM,4,2016-MAM,2016-04,1.1
2016,AMJ,5,2016-AMJ,2016-05,0.6
2016,MJJ,6,2016-MJJ,2016-06,0.1
2016,JJA,7,2016-JJA,2016-07,-0.3
2016,JAS,8,2016-JAS,2016-08,-0.6
2016,ASO,9,2016-ASO,2016-09,-0.8
2016,SON,10,2016-SON,2016-10,-0.8
2016,OND,11,2016-OND,2016-11,-0.8
2016,NDJ,12,2016-NDJ,2016-12,-0.7
2017,DJF,1,2017-DJF,2017-01,-0.4
2017,JFM,2,2017-JFM,2017-02,-0.1
2017,FMA,3,2017-FMA,2017-03,0.2
2017,MAM,4,2017-MAM,2017-04,0.4
2017,AMJ,5,2017-AMJ,2017-05,0.4
2017,MJJ,6,2017-MJJ,2017-06,0.2
2017,JJA,7,2017-JJA,2017-07,-0.1
2017,JAS,8,2017-JAS,2017-08,-0.5